{
  "weights": [
    -0.46208152123053214,
    0.704456297046352,
    -0.9129792863240274,
    0.542898349130463,
    -0.07066144613932425,
    -0.0479468548622355,
    0.054886345153129464,
    0.8838824933669139,
    -0.17919875866911386,
    -0.206717181012244
  ],
  "num_features": 9,
  "trained_at": "2026-06-09T11:16:07-05:00"
}